date,tone,volume,positive_mentions,negative_mentions,neutral_mentions,status
20251225T000000Z,-0.3768,0,0,0,0,success
20251225T001500Z,-0.0104,0,0,0,0,success
20251225T003000Z,0.3503,0,0,0,0,success
20251225T004500Z,0,0,0,0,0,success
20251225T010000Z,-0.3377,0,0,0,0,success
20251225T013000Z,-1.0636,0,0,0,0,success
20251225T014500Z,0.5339,0,0,0,0,success
20251225T020000Z,-1.8079,0,0,0,0,success
20251225T023000Z,3.0952,0,0,0,0,success
20251225T030000Z,-0.8017,0,0,0,0,success
20251225T031500Z,-0.3996,0,0,0,0,success
20251225T033000Z,1.1481,0,0,0,0,success
20251225T034500Z,-2.6696,0,0,0,0,success
20251225T040000Z,0.6157,0,0,0,0,success
20251225T043000Z,-2.7398,0,0,0,0,success
20251225T044500Z,0,0,0,0,0,success
20251225T050000Z,0.3306,0,0,0,0,success
20251225T051500Z,-1.9169,0,0,0,0,success
20251225T053000Z,-2.9053,0,0,0,0,success
20251225T054500Z,-1.6587,0,0,0,0,success
20251225T060000Z,-0.881,0,0,0,0,success
20251225T061500Z,-1.2903,0,0,0,0,success
20251225T070000Z,-1.4099,0,0,0,0,success
20251225T071500Z,0,0,0,0,0,success
20251225T073000Z,1.0169,0,0,0,0,success
20251225T074500Z,-0.013,0,0,0,0,success
20251225T080000Z,-8.2852,0,0,0,0,success
20251225T081500Z,0,0,0,0,0,success
20251225T083000Z,0.0858,0,0,0,0,success
20251225T084500Z,-0.4336,0,0,0,0,success
20251225T093000Z,1.8595,0,0,0,0,success
20251225T094500Z,-1.4493,0,0,0,0,success
20251225T101500Z,-2.3448,0,0,0,0,success
20251225T103000Z,1.2036,0,0,0,0,success
20251225T104500Z,-1.3728,0,0,0,0,success
20251225T110000Z,0,0,0,0,0,success
20251225T113000Z,-0.7538,0,0,0,0,success
20251225T114500Z,1.4083,0,0,0,0,success
20251225T120000Z,-1.0687,0,0,0,0,success
20251225T121500Z,-1.5574,0,0,0,0,success
20251225T123000Z,1.1942,0,0,0,0,success
20251225T124500Z,3.2483,0,0,0,0,success
20251225T130000Z,2.5796,0,0,0,0,success
20251225T131500Z,0,0,0,0,0,success
20251225T134500Z,-0.3163,0,0,0,0,success
20251225T140000Z,-3.7807,0,0,0,0,success
20251225T141500Z,-0.2398,0,0,0,0,success
20251225T143000Z,-0.1751,0,0,0,0,success
20251225T144500Z,-3.3026,0,0,0,0,success
20251225T150000Z,-0.3437,0,0,0,0,success
20251225T151500Z,0,0,0,0,0,success
20251225T153000Z,-4.3618,0,0,0,0,success
20251225T160000Z,0,0,0,0,0,success
20251225T161500Z,-6.6456,0,0,0,0,success
20251225T163000Z,0.2517,0,0,0,0,success
20251225T164500Z,-0.1996,0,0,0,0,success
20251225T170000Z,-0.5236,0,0,0,0,success
20251225T171500Z,0.5696,0,0,0,0,success
20251225T173000Z,1.5385,0,0,0,0,success
20251225T174500Z,3.3159,0,0,0,0,success
20251225T180000Z,-0.8453,0,0,0,0,success
20251225T181500Z,-3.0101,0,0,0,0,success
20251225T184500Z,0,0,0,0,0,success
20251225T190000Z,0.2492,0,0,0,0,success
20251225T191500Z,0,0,0,0,0,success
20251225T193000Z,4.6243,0,0,0,0,success
20251225T194500Z,-1.8052,0,0,0,0,success
20251225T200000Z,0.9831,0,0,0,0,success
20251225T201500Z,2.5654,0,0,0,0,success
20251225T203000Z,0,0,0,0,0,success
20251225T204500Z,0,0,0,0,0,success
20251225T210000Z,-2.7149,0,0,0,0,success
20251225T211500Z,0,0,0,0,0,success
20251225T220000Z,0,0,0,0,0,success
20251225T221500Z,0,0,0,0,0,success
20251225T223000Z,0,0,0,0,0,success
20251225T224500Z,-4.0985,0,0,0,0,success
20251225T230000Z,0,0,0,0,0,success
20251225T233000Z,1.0528,0,0,0,0,success
20251225T234500Z,0,0,0,0,0,success
20251227T000000Z,-1.6595,0,0,0,0,success
20251227T001500Z,0,0,0,0,0,success
20251227T003000Z,-3.8095,0,0,0,0,success
20251227T004500Z,-1.0802,0,0,0,0,success
20251227T010000Z,1.7078,0,0,0,0,success
20251227T011500Z,8.4184,0,0,0,0,success
20251227T014500Z,3.3831,0,0,0,0,success
20251227T021500Z,1.5521,0,0,0,0,success
20251227T023000Z,-3.138,0,0,0,0,success
20251227T024500Z,0,0,0,0,0,success
20251227T030000Z,-2.6296,0,0,0,0,success
20251227T031500Z,-1.6004,0,0,0,0,success
20251227T033000Z,0,0,0,0,0,success
20251227T034500Z,-5.7522,0,0,0,0,success
20251227T040000Z,-1.0711,0,0,0,0,success
20251227T044500Z,0.4004,0,0,0,0,success
20251227T050000Z,-0.8174,0,0,0,0,success
20251227T051500Z,2,0,0,0,0,success
20251227T053000Z,0,0,0,0,0,success
20251227T054500Z,0,0,0,0,0,success
20251227T060000Z,-1.0202,0,0,0,0,success
20251227T061500Z,-0.705,0,0,0,0,success
20251227T063000Z,-2.1808,0,0,0,0,success
20251227T064500Z,0,0,0,0,0,success
20251227T070000Z,1.8986,0,0,0,0,success
20251227T071500Z,-1.99,0,0,0,0,success
20251227T074500Z,-0.7143,0,0,0,0,success
20251227T080000Z,4.0744,0,0,0,0,success
20251227T081500Z,0.9346,0,0,0,0,success
20251227T084500Z,-2.3854,0,0,0,0,success
20251227T090000Z,-1.2618,0,0,0,0,success
20251227T091500Z,-1.9176,0,0,0,0,success
20251227T093000Z,-2.2523,0,0,0,0,success
20251227T094500Z,-0.5243,0,0,0,0,success
20251227T100000Z,4.1096,0,0,0,0,success
20251227T101500Z,-5.2409,0,0,0,0,success
20251227T103000Z,0,0,0,0,0,success
20251227T104500Z,0,0,0,0,0,success
20251227T110000Z,0,0,0,0,0,success
20251227T111500Z,-0.7805,0,0,0,0,success
20251227T114500Z,1.4355,0,0,0,0,success
20251227T120000Z,-1.9481,0,0,0,0,success
20251227T121500Z,0.3849,0,0,0,0,success
20251227T123000Z,1.054,0,0,0,0,success
20251227T130000Z,0,0,0,0,0,success
20251227T131500Z,0.7594,0,0,0,0,success
20251227T133000Z,0.8474,0,0,0,0,success
20251227T140000Z,2.7133,0,0,0,0,success
20251227T141500Z,1.2359,0,0,0,0,success
20251227T143000Z,2.0306,0,0,0,0,success
20251227T144500Z,3.2615,0,0,0,0,success
20251227T151500Z,1.2789,0,0,0,0,success
20251227T153000Z,1.7722,0,0,0,0,success
20251227T154500Z,0.7326,0,0,0,0,success
20251227T160000Z,0.8066,0,0,0,0,success
20251227T161500Z,1.1743,0,0,0,0,success
20251227T163000Z,0.0667,0,0,0,0,success
20251227T164500Z,-0.94,0,0,0,0,success
20251227T170000Z,0.9517,0,0,0,0,success
20251227T171500Z,1.454,0,0,0,0,success
20251227T173000Z,0.9047,0,0,0,0,success
20251227T174500Z,-1.9608,0,0,0,0,success
20251227T180000Z,0.9314,0,0,0,0,success
20251227T181500Z,0.9001,0,0,0,0,success
20251227T183000Z,1.3285,0,0,0,0,success
20251227T190000Z,0.4831,0,0,0,0,success
20251227T191500Z,0,0,0,0,0,success
20251227T193000Z,-2.8674,0,0,0,0,success
20251227T194500Z,0,0,0,0,0,success
20251227T200000Z,0,0,0,0,0,success
20251227T201500Z,-0.0149,0,0,0,0,success
20251227T204500Z,0.7922,0,0,0,0,success
20251227T210000Z,-2.1934,0,0,0,0,success
20251227T211500Z,0,0,0,0,0,success
20251227T213000Z,2.8103,0,0,0,0,success
20251227T214500Z,-1.243,0,0,0,0,success
20251227T220000Z,0,0,0,0,0,success
20251227T221500Z,-4.7414,0,0,0,0,success
20251227T223000Z,-0.4919,0,0,0,0,success
20251227T230000Z,0,0,0,0,0,success
20251227T231500Z,-1.2153,0,0,0,0,success
20251228T000000Z,-2.0818,0,0,0,0,success
20251228T001500Z,0,0,0,0,0,success
20251228T004500Z,-6.4607,0,0,0,0,success
20251228T010000Z,-8.0402,0,0,0,0,success
20251228T023000Z,-1.1285,0,0,0,0,success
20251228T030000Z,0,0,0,0,0,success
20251228T031500Z,0,0,0,0,0,success
20251228T034500Z,0,0,0,0,0,success
20251228T040000Z,-3.6036,0,0,0,0,success
20251228T041500Z,0,0,0,0,0,success
20251228T043000Z,0.0369,0,0,0,0,success
20251228T044500Z,-2.1624,0,0,0,0,success
20251228T050000Z,-2.0709,0,0,0,0,success
20251228T051500Z,0,0,0,0,0,success
20251228T060000Z,-1.6807,0,0,0,0,success
20251228T061500Z,0,0,0,0,0,success
20251228T063000Z,-1.6954,0,0,0,0,success
20251228T064500Z,0.0206,0,0,0,0,success
20251228T070000Z,6.25,0,0,0,0,success
20251228T071500Z,-0.7964,0,0,0,0,success
20251228T073000Z,0.1561,0,0,0,0,success
20251228T074500Z,0,0,0,0,0,success
20251228T080000Z,0.7156,0,0,0,0,success
20251228T081500Z,0.1624,0,0,0,0,success
20251228T083000Z,0,0,0,0,0,success
20251228T084500Z,1.8182,0,0,0,0,success
20251228T090000Z,-2.0309,0,0,0,0,success
20251228T091500Z,-2.1682,0,0,0,0,success
20251228T093000Z,0,0,0,0,0,success
20251228T094500Z,0.5292,0,0,0,0,success
20251228T100000Z,-1.0789,0,0,0,0,success
20251228T101500Z,-1.0724,0,0,0,0,success
20251228T103000Z,0,0,0,0,0,success
20251228T104500Z,0.6993,0,0,0,0,success
20251228T110000Z,-4.9112,0,0,0,0,success
20251228T111500Z,0,0,0,0,0,success
20251228T113000Z,-2.1841,0,0,0,0,success
20251228T114500Z,0,0,0,0,0,success
20251228T120000Z,0,0,0,0,0,success
20251228T123000Z,-2.2414,0,0,0,0,success
20251228T124500Z,-0.1539,0,0,0,0,success
20251228T130000Z,0,0,0,0,0,success
20251228T131500Z,-3.1056,0,0,0,0,success
20251228T133000Z,-1.6835,0,0,0,0,success
20251228T134500Z,1.6069,0,0,0,0,success
20251228T140000Z,-2.0136,0,0,0,0,success
20251228T141500Z,-1.7578,0,0,0,0,success
20251228T143000Z,-1.3218,0,0,0,0,success
20251228T144500Z,-0.3752,0,0,0,0,success
20251228T150000Z,0,0,0,0,0,success
20251228T151500Z,0.6529,0,0,0,0,success
20251228T153000Z,-3.1403,0,0,0,0,success
20251228T154500Z,1.2859,0,0,0,0,success
20251228T160000Z,0.5344,0,0,0,0,success
20251228T161500Z,0,0,0,0,0,success
20251228T163000Z,0,0,0,0,0,success
20251228T170000Z,1.8265,0,0,0,0,success
20251228T171500Z,1.3407,0,0,0,0,success
20251228T173000Z,-0.9004,0,0,0,0,success
20251228T174500Z,-1.3726,0,0,0,0,success
20251228T180000Z,-2.3071,0,0,0,0,success
20251228T181500Z,-2.0822,0,0,0,0,success
20251228T183000Z,-2.0396,0,0,0,0,success
20251228T184500Z,-1.5519,0,0,0,0,success
20251228T191500Z,-2.3308,0,0,0,0,success
20251228T193000Z,1.3922,0,0,0,0,success
20251228T194500Z,-0.9395,0,0,0,0,success
20251228T200000Z,-1.1903,0,0,0,0,success
20251228T201500Z,-0.8652,0,0,0,0,success
20251228T203000Z,-1.1392,0,0,0,0,success
20251228T204500Z,-2.3387,0,0,0,0,success
20251228T210000Z,-1.7409,0,0,0,0,success
20251228T211500Z,-0.8206,0,0,0,0,success
20251228T213000Z,-1.9266,0,0,0,0,success
20251228T214500Z,-2.2229,0,0,0,0,success
20251228T220000Z,-1.5064,0,0,0,0,success
20251228T221500Z,2.4298,0,0,0,0,success
20251228T223000Z,-0.4688,0,0,0,0,success
20251228T224500Z,1.0848,0,0,0,0,success
20251228T230000Z,0,0,0,0,0,success
20251228T231500Z,-2.5668,0,0,0,0,success
20251228T233000Z,1.1196,0,0,0,0,success
20251228T234500Z,0.5457,0,0,0,0,success
20251229T000000Z,0,0,0,0,0,success
20251229T001500Z,-1.4286,0,0,0,0,success
20251229T010000Z,0.3149,0,0,0,0,success
20251229T011500Z,0,0,0,0,0,success
20251229T013000Z,-0.5803,0,0,0,0,success
20251229T014500Z,-2.9741,0,0,0,0,success
20251229T020000Z,-0.1282,0,0,0,0,success
20251229T021500Z,0.463,0,0,0,0,success
20251229T023000Z,0,0,0,0,0,success
20251229T024500Z,-1.1464,0,0,0,0,success
20251229T030000Z,0.524,0,0,0,0,success
20251229T031500Z,2.1126,0,0,0,0,success
20251229T033000Z,-3.7657,0,0,0,0,success
20251229T034500Z,-3.0615,0,0,0,0,success
20251229T040000Z,-1.2346,0,0,0,0,success
20251229T041500Z,-0.4698,0,0,0,0,success
20251229T043000Z,1.0766,0,0,0,0,success
20251229T044500Z,0,0,0,0,0,success
20251229T050000Z,0,0,0,0,0,success
20251229T051500Z,1.9394,0,0,0,0,success
20251229T053000Z,-0.6698,0,0,0,0,success
20251229T054500Z,-3.3967,0,0,0,0,success
20251229T060000Z,-1.2193,0,0,0,0,success
20251229T061500Z,0.3747,0,0,0,0,success
20251229T063000Z,0,0,0,0,0,success
20251229T064500Z,-0.2294,0,0,0,0,success
20251229T070000Z,1.4072,0,0,0,0,success
20251229T071500Z,-2.5688,0,0,0,0,success
20251229T073000Z,0.6881,0,0,0,0,success
20251229T074500Z,-2.2712,0,0,0,0,success
20251229T080000Z,-0.4485,0,0,0,0,success
20251229T081500Z,-0.0163,0,0,0,0,success
20251229T083000Z,1.8064,0,0,0,0,success
20251229T084500Z,0,0,0,0,0,success
20251229T090000Z,0,0,0,0,0,success
20251229T091500Z,0.0109,0,0,0,0,success
20251229T093000Z,0.3996,0,0,0,0,success
20251229T094500Z,0.9023,0,0,0,0,success
20251229T100000Z,-1.2901,0,0,0,0,success
20251229T101500Z,0,0,0,0,0,success
20251229T103000Z,0.5292,0,0,0,0,success
20251229T104500Z,-0.6652,0,0,0,0,success
20251229T110000Z,-0.0002,0,0,0,0,success
20251229T111500Z,0.9191,0,0,0,0,success
20251229T113000Z,0.9426,0,0,0,0,success
20251229T114500Z,0,0,0,0,0,success
20251229T120000Z,1.7254,0,0,0,0,success
20251229T121500Z,0.4651,0,0,0,0,success
20251229T123000Z,0,0,0,0,0,success
20251229T124500Z,-0.9368,0,0,0,0,success
20251229T130000Z,1.0246,0,0,0,0,success
20251229T131500Z,-1.2658,0,0,0,0,success
20251229T133000Z,-0.913,0,0,0,0,success
20251229T134500Z,-1.5681,0,0,0,0,success
20251229T140000Z,2.0251,0,0,0,0,success
20251229T141500Z,0,0,0,0,0,success
20251229T143000Z,-0.3466,0,0,0,0,success
20251229T144500Z,5.6738,0,0,0,0,success
20251229T150000Z,2.6079,0,0,0,0,success
20251229T154500Z,-1.4112,0,0,0,0,success
20251229T160000Z,0,0,0,0,0,success
20251229T161500Z,1.165,0,0,0,0,success
20251229T163000Z,3.0508,0,0,0,0,success
20251229T164500Z,-0.507,0,0,0,0,success
20251229T170000Z,-0.4971,0,0,0,0,success
20251229T171500Z,-0.3382,0,0,0,0,success
20251229T173000Z,0,0,0,0,0,success
20251229T180000Z,-1.069,0,0,0,0,success
20251229T181500Z,-0.2878,0,0,0,0,success
20251229T184500Z,0.536,0,0,0,0,success
20251229T190000Z,0,0,0,0,0,success
20251229T191500Z,-0.6305,0,0,0,0,success
20251229T193000Z,0,0,0,0,0,success
20251229T194500Z,1.3548,0,0,0,0,success
20251229T200000Z,0,0,0,0,0,success
20251229T201500Z,-0.8511,0,0,0,0,success
20251229T203000Z,0.078,0,0,0,0,success
20251229T204500Z,-1.2843,0,0,0,0,success
20251229T210000Z,1.3468,0,0,0,0,success
20251229T211500Z,0,0,0,0,0,success
20251229T213000Z,0.4372,0,0,0,0,success
20251229T214500Z,-0.6036,0,0,0,0,success
20251229T220000Z,-5.0891,0,0,0,0,success
20251229T223000Z,0,0,0,0,0,success
20251229T224500Z,0.211,0,0,0,0,success
20251229T230000Z,-0.4174,0,0,0,0,success
20251229T231500Z,-2.8717,0,0,0,0,success
20251229T233000Z,-1.6094,0,0,0,0,success
20251229T234500Z,0.5587,0,0,0,0,success
20251231T000000Z,-1.0117,0,0,0,0,success
20251231T001500Z,-1.3991,0,0,0,0,success
20251231T003000Z,-0.5167,0,0,0,0,success
20251231T004500Z,-0.9583,0,0,0,0,success
20251231T010000Z,0.1604,0,0,0,0,success
20251231T011500Z,-0.4839,0,0,0,0,success
20251231T013000Z,-2.4127,0,0,0,0,success
20251231T014500Z,-3.141,0,0,0,0,success
20251231T020000Z,-1.5654,0,0,0,0,success
20251231T021500Z,0,0,0,0,0,success
20251231T023000Z,-3.3451,0,0,0,0,success
20251231T024500Z,0,0,0,0,0,success
20251231T031500Z,0,0,0,0,0,success
20251231T033000Z,-2.2599,0,0,0,0,success
20251231T034500Z,-1.6224,0,0,0,0,success
20251231T041500Z,2.0746,0,0,0,0,success
20251231T043000Z,1.3953,0,0,0,0,success
20251231T044500Z,-0.5842,0,0,0,0,success
20251231T050000Z,-1.2048,0,0,0,0,success
20251231T051500Z,-0.6438,0,0,0,0,success
20251231T053000Z,-1.6682,0,0,0,0,success
20251231T054500Z,0,0,0,0,0,success
20251231T060000Z,-0.5473,0,0,0,0,success
20251231T061500Z,-0.8065,0,0,0,0,success
20251231T064500Z,-1.7313,0,0,0,0,success
20251231T070000Z,-0.1663,0,0,0,0,success
20251231T071500Z,0.2379,0,0,0,0,success
20251231T073000Z,-0.6329,0,0,0,0,success
20251231T074500Z,-2.0476,0,0,0,0,success
20251231T080000Z,-0.6537,0,0,0,0,success
20251231T081500Z,1.5518,0,0,0,0,success
20251231T083000Z,-0.1561,0,0,0,0,success
20251231T084500Z,1.7498,0,0,0,0,success
20251231T090000Z,-1.0785,0,0,0,0,success
20251231T091500Z,0.4234,0,0,0,0,success
20251231T093000Z,-0.2969,0,0,0,0,success
20251231T100000Z,-1.0727,0,0,0,0,success
20251231T101500Z,-3.7518,0,0,0,0,success
20251231T103000Z,0.6984,0,0,0,0,success
20251231T104500Z,0.7534,0,0,0,0,success
20251231T110000Z,-0.4942,0,0,0,0,success
20251231T111500Z,-3.9942,0,0,0,0,success
20251231T113000Z,-0.6692,0,0,0,0,success
20251231T114500Z,-0.2994,0,0,0,0,success
20251231T120000Z,-0.0249,0,0,0,0,success
20251231T121500Z,-0.0367,0,0,0,0,success
20251231T123000Z,0.2919,0,0,0,0,success
20251231T124500Z,0,0,0,0,0,success
20251231T130000Z,-0.8097,0,0,0,0,success
20251231T131500Z,-5.837,0,0,0,0,success
20251231T134500Z,0.8217,0,0,0,0,success
20251231T140000Z,1.2769,0,0,0,0,success
20251231T141500Z,1.9187,0,0,0,0,success
20251231T143000Z,-2.628,0,0,0,0,success
20251231T150000Z,0.672,0,0,0,0,success
20251231T151500Z,0.486,0,0,0,0,success
20251231T153000Z,0,0,0,0,0,success
20251231T154500Z,0.1523,0,0,0,0,success
20251231T161500Z,0,0,0,0,0,success
20251231T163000Z,0.121,0,0,0,0,success
20251231T164500Z,0.7537,0,0,0,0,success
20251231T170000Z,-0.0295,0,0,0,0,success
20251231T171500Z,0,0,0,0,0,success
20251231T173000Z,-0.316,0,0,0,0,success
20251231T174500Z,0.1802,0,0,0,0,success
20251231T180000Z,0,0,0,0,0,success
20251231T181500Z,-0.8108,0,0,0,0,success
20251231T183000Z,-1.3934,0,0,0,0,success
20251231T184500Z,0,0,0,0,0,success
20251231T190000Z,0.4338,0,0,0,0,success
20251231T191500Z,0,0,0,0,0,success
20251231T194500Z,0.0811,0,0,0,0,success
20251231T200000Z,-2.8376,0,0,0,0,success
20251231T201500Z,-1.3771,0,0,0,0,success
20251231T203000Z,-0.2175,0,0,0,0,success
20251231T204500Z,0,0,0,0,0,success
20251231T210000Z,1.8636,0,0,0,0,success
20251231T211500Z,-1.9395,0,0,0,0,success
20251231T213000Z,-2.092,0,0,0,0,success
20251231T214500Z,0.7954,0,0,0,0,success
20251231T221500Z,1.1494,0,0,0,0,success
20251231T223000Z,0.0291,0,0,0,0,success
20251231T224500Z,0.255,0,0,0,0,success
20251231T231500Z,-0.3806,0,0,0,0,success
20251231T233000Z,-0.11,0,0,0,0,success
20251231T234500Z,-2.3929,0,0,0,0,success
20260102T000000Z,-1.0114,0,0,0,0,success
20260102T001500Z,0,0,0,0,0,success
20260102T003000Z,0.7992,0,0,0,0,success
20260102T004500Z,0,0,0,0,0,success
20260102T010000Z,-0.6528,0,0,0,0,success
20260102T011500Z,-0.6758,0,0,0,0,success
20260102T013000Z,-1.0883,0,0,0,0,success
20260102T014500Z,0,0,0,0,0,success
20260102T020000Z,-3.3363,0,0,0,0,success
20260102T021500Z,-0.9108,0,0,0,0,success
20260102T024500Z,0,0,0,0,0,success
20260102T030000Z,1.7739,0,0,0,0,success
20260102T031500Z,0,0,0,0,0,success
20260102T033000Z,-1.1454,0,0,0,0,success
20260102T034500Z,0.1747,0,0,0,0,success
20260102T040000Z,-1.8918,0,0,0,0,success
20260102T041500Z,0,0,0,0,0,success
20260102T044500Z,-0.1319,0,0,0,0,success
20260102T050000Z,0.4274,0,0,0,0,success
20260102T051500Z,-1.5022,0,0,0,0,success
20260102T053000Z,-0.2283,0,0,0,0,success
20260102T054500Z,0,0,0,0,0,success
20260102T060000Z,-4.2607,0,0,0,0,success
20260102T063000Z,-0.4863,0,0,0,0,success
20260102T064500Z,0,0,0,0,0,success
20260102T070000Z,-0.1972,0,0,0,0,success
20260102T071500Z,4.9233,0,0,0,0,success
20260102T073000Z,-3.0353,0,0,0,0,success
20260102T080000Z,-2.2551,0,0,0,0,success
20260102T081500Z,0,0,0,0,0,success
20260102T083000Z,2.4043,0,0,0,0,success
20260102T084500Z,-1.3273,0,0,0,0,success
20260102T090000Z,-1.2939,0,0,0,0,success
20260102T091500Z,-0.888,0,0,0,0,success
20260102T093000Z,-2.0672,0,0,0,0,success
20260102T094500Z,0,0,0,0,0,success
20260102T100000Z,-0.3657,0,0,0,0,success
20260102T101500Z,0,0,0,0,0,success
20260102T103000Z,-2.9686,0,0,0,0,success
20260102T104500Z,-0.8203,0,0,0,0,success
20260102T110000Z,-0.7454,0,0,0,0,success
20260102T113000Z,0.0461,0,0,0,0,success
20260102T114500Z,0.8274,0,0,0,0,success
20260102T121500Z,0.3812,0,0,0,0,success
20260102T123000Z,1.7699,0,0,0,0,success
20260102T124500Z,0.5735,0,0,0,0,success
20260102T130000Z,0.042,0,0,0,0,success
20260102T131500Z,0.9786,0,0,0,0,success
20260102T133000Z,2.2869,0,0,0,0,success
20260102T134500Z,-2.5987,0,0,0,0,success
20260102T140000Z,0.5679,0,0,0,0,success
20260102T141500Z,1.519,0,0,0,0,success
20260102T143000Z,-0.1493,0,0,0,0,success
20260102T144500Z,-0.8361,0,0,0,0,success
20260102T150000Z,-1.3244,0,0,0,0,success
20260102T151500Z,0,0,0,0,0,success
20260102T153000Z,0,0,0,0,0,success
20260102T154500Z,1.3432,0,0,0,0,success
20260102T160000Z,-0.8058,0,0,0,0,success
20260102T161500Z,-3.5135,0,0,0,0,success
20260102T163000Z,0.5656,0,0,0,0,success
20260102T164500Z,0.0166,0,0,0,0,success
20260102T170000Z,-0.6231,0,0,0,0,success
20260102T171500Z,-0.5806,0,0,0,0,success
20260102T173000Z,-0.0663,0,0,0,0,success
20260102T174500Z,-2.5513,0,0,0,0,success
20260102T180000Z,0.4255,0,0,0,0,success
20260102T181500Z,-0.7228,0,0,0,0,success
20260102T183000Z,-1.2767,0,0,0,0,success
20260102T184500Z,1.3667,0,0,0,0,success
20260102T190000Z,0.8987,0,0,0,0,success
20260102T191500Z,2.3147,0,0,0,0,success
20260102T193000Z,-13.0435,0,0,0,0,success
20260102T194500Z,0.5389,0,0,0,0,success
20260102T200000Z,0,0,0,0,0,success
20260102T201500Z,-0.095,0,0,0,0,success
20260102T203000Z,-0.1269,0,0,0,0,success
20260102T204500Z,-0.0865,0,0,0,0,success
20260102T210000Z,0,0,0,0,0,success
20260102T213000Z,1.1811,0,0,0,0,success
20260102T214500Z,-1.5421,0,0,0,0,success
20260102T220000Z,-0.7499,0,0,0,0,success
20260102T221500Z,-1.9487,0,0,0,0,success
20260102T223000Z,-1.3035,0,0,0,0,success
20260102T224500Z,0,0,0,0,0,success
20260102T230000Z,-2.0199,0,0,0,0,success
20260102T231500Z,-0.4029,0,0,0,0,success
20260102T233000Z,-0.2266,0,0,0,0,success
20260102T234500Z,2.1722,0,0,0,0,success
20260105T000000Z,0,0,0,0,0,success
20260105T001500Z,1.4176,0,0,0,0,success
20260105T003000Z,3.0935,0,0,0,0,success
20260105T004500Z,-0.6243,0,0,0,0,success
20260105T010000Z,0,0,0,0,0,success
20260105T011500Z,-2.0484,0,0,0,0,success
20260105T013000Z,0,0,0,0,0,success
20260105T014500Z,-3.7574,0,0,0,0,success
20260105T020000Z,-0.751,0,0,0,0,success
20260105T021500Z,0,0,0,0,0,success
20260105T023000Z,-3.4644,0,0,0,0,success
20260105T024500Z,0,0,0,0,0,success
20260105T030000Z,-2.511,0,0,0,0,success
20260105T031500Z,-0.4256,0,0,0,0,success
20260105T033000Z,1.4102,0,0,0,0,success
20260105T034500Z,-1.6018,0,0,0,0,success
20260105T041500Z,-1.9089,0,0,0,0,success
20260105T043000Z,-0.3577,0,0,0,0,success
20260105T044500Z,0,0,0,0,0,success
20260105T050000Z,2.3372,0,0,0,0,success
20260105T051500Z,-2.2115,0,0,0,0,success
20260105T053000Z,-0.536,0,0,0,0,success
20260105T054500Z,1.1267,0,0,0,0,success
20260105T060000Z,-8.4656,0,0,0,0,success
20260105T061500Z,-0.8529,0,0,0,0,success
20260105T063000Z,0,0,0,0,0,success
20260105T064500Z,-1.6532,0,0,0,0,success
20260105T070000Z,-0.2499,0,0,0,0,success
20260105T071500Z,-1.5166,0,0,0,0,success
20260105T073000Z,0.9195,0,0,0,0,success
20260105T074500Z,-1.0882,0,0,0,0,success
20260105T080000Z,-1.1959,0,0,0,0,success
20260105T081500Z,-2.5125,0,0,0,0,success
20260105T083000Z,0,0,0,0,0,success
20260105T084500Z,-1.3425,0,0,0,0,success
20260105T090000Z,-0.6575,0,0,0,0,success
20260105T091500Z,-1.0511,0,0,0,0,success
20260105T093000Z,0.593,0,0,0,0,success
20260105T094500Z,0.3846,0,0,0,0,success
20260105T100000Z,-0.7983,0,0,0,0,success
20260105T103000Z,0,0,0,0,0,success
20260105T104500Z,-0.4693,0,0,0,0,success
20260105T110000Z,0.9521,0,0,0,0,success
20260105T111500Z,0.5155,0,0,0,0,success
20260105T113000Z,1.3872,0,0,0,0,success
20260105T114500Z,-1.621,0,0,0,0,success
20260105T120000Z,0.3338,0,0,0,0,success
20260105T121500Z,0.6117,0,0,0,0,success
20260105T123000Z,-0.2289,0,0,0,0,success
20260105T124500Z,0,0,0,0,0,success
20260105T130000Z,0.6345,0,0,0,0,success
20260105T133000Z,-0.5416,0,0,0,0,success
20260105T140000Z,-3.7135,0,0,0,0,success
20260105T141500Z,0,0,0,0,0,success
20260105T144500Z,4.7619,0,0,0,0,success
20260105T150000Z,-0.3249,0,0,0,0,success
20260105T151500Z,0.9202,0,0,0,0,success
20260105T153000Z,0.6131,0,0,0,0,success
20260105T154500Z,0.8756,0,0,0,0,success
20260105T160000Z,0,0,0,0,0,success
20260105T163000Z,0.9766,0,0,0,0,success
20260105T164500Z,-0.4057,0,0,0,0,success
20260105T170000Z,2.1277,0,0,0,0,success
20260105T171500Z,-0.3085,0,0,0,0,success
20260105T173000Z,0.3966,0,0,0,0,success
20260105T174500Z,-0.6032,0,0,0,0,success
20260105T180000Z,-1.5523,0,0,0,0,success
20260105T181500Z,-1.6539,0,0,0,0,success
20260105T183000Z,1.3216,0,0,0,0,success
20260105T184500Z,-1.8886,0,0,0,0,success
20260105T190000Z,-0.8289,0,0,0,0,success
20260105T191500Z,-0.8514,0,0,0,0,success
20260105T194500Z,0,0,0,0,0,success
20260105T200000Z,-1.9803,0,0,0,0,success
20260105T201500Z,-0.7298,0,0,0,0,success
20260105T203000Z,-3.3502,0,0,0,0,success
20260105T204500Z,0,0,0,0,0,success
20260105T210000Z,0.4103,0,0,0,0,success
20260105T211500Z,-2.1151,0,0,0,0,success
20260105T214500Z,1.6554,0,0,0,0,success
20260105T221500Z,-0.4938,0,0,0,0,success
20260105T224500Z,1.5133,0,0,0,0,success
20260105T230000Z,0.5197,0,0,0,0,success
20260105T231500Z,1.7864,0,0,0,0,success
20260105T233000Z,-2.907,0,0,0,0,success
20260105T234500Z,0,0,0,0,0,success
20260106T000000Z,1.6331,0,0,0,0,success
20260106T001500Z,-0.506,0,0,0,0,success
20260106T003000Z,-0.7834,0,0,0,0,success
20260106T004500Z,0,0,0,0,0,success
20260106T010000Z,0.9563,0,0,0,0,success
20260106T011500Z,-0.8639,0,0,0,0,success
20260106T013000Z,-1.5647,0,0,0,0,success
20260106T014500Z,-1.4425,0,0,0,0,success
20260106T020000Z,-2.2904,0,0,0,0,success
20260106T021500Z,3.268,0,0,0,0,success
20260106T023000Z,-1.4278,0,0,0,0,success
20260106T024500Z,-0.1644,0,0,0,0,success
20260106T033000Z,1.3602,0,0,0,0,success
20260106T034500Z,1.1064,0,0,0,0,success
20260106T040000Z,-1.1012,0,0,0,0,success
20260106T041500Z,0,0,0,0,0,success
20260106T043000Z,-0.3534,0,0,0,0,success
20260106T044500Z,0.2481,0,0,0,0,success
20260106T050000Z,-0.1764,0,0,0,0,success
20260106T051500Z,0.6608,0,0,0,0,success
20260106T053000Z,0.0766,0,0,0,0,success
20260106T054500Z,-0.1271,0,0,0,0,success
20260106T060000Z,-0.5236,0,0,0,0,success
20260106T061500Z,0,0,0,0,0,success
20260106T063000Z,-0.6556,0,0,0,0,success
20260106T064500Z,-0.6744,0,0,0,0,success
20260106T070000Z,-0.4201,0,0,0,0,success
20260106T071500Z,-0.3731,0,0,0,0,success
20260106T073000Z,-0.286,0,0,0,0,success
20260106T074500Z,-1.0765,0,0,0,0,success
20260106T083000Z,-0.4258,0,0,0,0,success
20260106T090000Z,0,0,0,0,0,success
20260106T091500Z,-1.0767,0,0,0,0,success
20260106T093000Z,-0.9078,0,0,0,0,success
20260106T094500Z,-0.109,0,0,0,0,success
20260106T101500Z,-0.5408,0,0,0,0,success
20260106T103000Z,0.0217,0,0,0,0,success
20260106T104500Z,0.1287,0,0,0,0,success
20260106T110000Z,0.1189,0,0,0,0,success
20260106T113000Z,0.2137,0,0,0,0,success
20260106T114500Z,3.1319,0,0,0,0,success
20260106T121500Z,-2.4416,0,0,0,0,success
20260106T123000Z,0.4026,0,0,0,0,success
20260106T124500Z,0,0,0,0,0,success
20260106T130000Z,0.5058,0,0,0,0,success
20260106T131500Z,-0.7743,0,0,0,0,success
20260106T133000Z,4.4444,0,0,0,0,success
20260106T134500Z,-3.137,0,0,0,0,success
20260106T140000Z,0,0,0,0,0,success
20260106T141500Z,-0.1487,0,0,0,0,success
20260106T143000Z,1.9069,0,0,0,0,success
20260106T144500Z,1.9741,0,0,0,0,success
20260106T150000Z,-0.4715,0,0,0,0,success
20260106T151500Z,-0.029,0,0,0,0,success
20260106T153000Z,-0.2249,0,0,0,0,success
20260106T154500Z,0.9434,0,0,0,0,success
20260106T160000Z,-0.3604,0,0,0,0,success
20260106T161500Z,1.4967,0,0,0,0,success
20260106T164500Z,-1.2312,0,0,0,0,success
20260106T170000Z,-0.2651,0,0,0,0,success
20260106T173000Z,1.3986,0,0,0,0,success
20260106T180000Z,1.9843,0,0,0,0,success
20260106T181500Z,0,0,0,0,0,success
20260106T183000Z,0,0,0,0,0,success
20260106T184500Z,0.2676,0,0,0,0,success
20260106T191500Z,0,0,0,0,0,success
20260106T194500Z,1.2213,0,0,0,0,success
20260106T200000Z,-1.0309,0,0,0,0,success
20260106T203000Z,-0.1799,0,0,0,0,success
20260106T204500Z,0,0,0,0,0,success
20260106T211500Z,-0.0523,0,0,0,0,success
20260106T221500Z,1.4153,0,0,0,0,success
20260106T224500Z,0,0,0,0,0,success
20260106T230000Z,0,0,0,0,0,success
20260106T231500Z,-4.0784,0,0,0,0,success
20260106T233000Z,1.6012,0,0,0,0,success
20260106T234500Z,0,0,0,0,0,success
20260107T003000Z,-3.061,0,0,0,0,success
20260107T004500Z,-5.1724,0,0,0,0,success
20260107T010000Z,-1.5527,0,0,0,0,success
20260107T011500Z,0,0,0,0,0,success
20260107T013000Z,-1.7887,0,0,0,0,success
20260107T014500Z,0,0,0,0,0,success
20260107T020000Z,-0.1046,0,0,0,0,success
20260107T021500Z,-1.0307,0,0,0,0,success
20260107T023000Z,-0.4652,0,0,0,0,success
20260107T024500Z,-2.966,0,0,0,0,success
20260107T030000Z,-2.3918,0,0,0,0,success
20260107T031500Z,-1.2237,0,0,0,0,success
20260107T033000Z,-1.9111,0,0,0,0,success
20260107T034500Z,-2.8453,0,0,0,0,success
20260107T040000Z,-2.785,0,0,0,0,success
20260107T041500Z,-3.6631,0,0,0,0,success
20260107T043000Z,-2.1606,0,0,0,0,success
20260107T044500Z,-2.1515,0,0,0,0,success
20260107T050000Z,0,0,0,0,0,success
20260107T051500Z,-2.404,0,0,0,0,success
20260107T053000Z,-0.0193,0,0,0,0,success
20260107T054500Z,-0.4874,0,0,0,0,success
20260107T060000Z,0.2287,0,0,0,0,success
20260107T061500Z,-1.2648,0,0,0,0,success
20260107T063000Z,-2.3657,0,0,0,0,success
20260107T070000Z,-0.3665,0,0,0,0,success
20260107T071500Z,-4.2955,0,0,0,0,success
20260107T073000Z,-3.4602,0,0,0,0,success
20260107T074500Z,-2.0979,0,0,0,0,success
20260107T080000Z,0.7055,0,0,0,0,success
20260107T081500Z,-1.7183,0,0,0,0,success
20260107T083000Z,-0.5146,0,0,0,0,success
20260107T084500Z,3.7559,0,0,0,0,success
20260107T090000Z,-0.3693,0,0,0,0,success
20260107T091500Z,0.6912,0,0,0,0,success
20260107T093000Z,-4.5872,0,0,0,0,success
20260107T094500Z,1.8629,0,0,0,0,success
20260107T100000Z,-0.3752,0,0,0,0,success
20260107T101500Z,-0.1919,0,0,0,0,success
20260107T103000Z,0.6229,0,0,0,0,success
20260107T104500Z,0,0,0,0,0,success
20260107T110000Z,-0.3894,0,0,0,0,success
20260107T111500Z,1.9084,0,0,0,0,success
20260107T113000Z,0.5071,0,0,0,0,success
20260107T114500Z,-3.9252,0,0,0,0,success
20260107T120000Z,-1.5302,0,0,0,0,success
20260107T121500Z,-0.9391,0,0,0,0,success
20260107T123000Z,-1.3389,0,0,0,0,success
20260107T124500Z,-0.4801,0,0,0,0,success
20260107T130000Z,-1.603,0,0,0,0,success
20260107T133000Z,0.8416,0,0,0,0,success
20260107T134500Z,0.9298,0,0,0,0,success
20260107T141500Z,0.1186,0,0,0,0,success
20260107T143000Z,-4.7533,0,0,0,0,success
20260107T144500Z,0,0,0,0,0,success
20260107T150000Z,0,0,0,0,0,success
20260107T151500Z,1.1864,0,0,0,0,success
20260107T153000Z,0.4818,0,0,0,0,success
20260107T154500Z,-0.4605,0,0,0,0,success
20260107T160000Z,-0.3377,0,0,0,0,success
20260107T161500Z,0,0,0,0,0,success
20260107T164500Z,0,0,0,0,0,success
20260107T170000Z,0,0,0,0,0,success
20260107T171500Z,0,0,0,0,0,success
20260107T173000Z,-1.3138,0,0,0,0,success
20260107T174500Z,0,0,0,0,0,success
20260107T180000Z,0,0,0,0,0,success
20260107T181500Z,0,0,0,0,0,success
20260107T183000Z,1.7921,0,0,0,0,success
20260107T184500Z,0.9347,0,0,0,0,success
20260107T190000Z,-0.6513,0,0,0,0,success
20260107T191500Z,-4.5142,0,0,0,0,success
20260107T193000Z,0,0,0,0,0,success
20260107T194500Z,0,0,0,0,0,success
20260107T200000Z,2.5761,0,0,0,0,success
20260107T201500Z,2.3224,0,0,0,0,success
20260107T203000Z,-1.0545,0,0,0,0,success
20260107T204500Z,0,0,0,0,0,success
20260107T210000Z,-2.0104,0,0,0,0,success
20260107T211500Z,0,0,0,0,0,success
20260107T213000Z,-0.9163,0,0,0,0,success
20260107T214500Z,-2.156,0,0,0,0,success
20260107T220000Z,-1.7931,0,0,0,0,success
20260107T221500Z,2.5063,0,0,0,0,success
20260107T224500Z,-2.9688,0,0,0,0,success
20260107T230000Z,1.5403,0,0,0,0,success
20260107T231500Z,-0.4141,0,0,0,0,success
20260107T233000Z,2.1687,0,0,0,0,success
20260107T234500Z,0,0,0,0,0,success
20260108T000000Z,2.1918,0,0,0,0,success
20260108T001500Z,-0.4763,0,0,0,0,success
20260108T003000Z,-1.0142,0,0,0,0,success
20260108T004500Z,-2.3687,0,0,0,0,success
20260108T010000Z,0,0,0,0,0,success
20260108T011500Z,-3.0048,0,0,0,0,success
20260108T013000Z,0.1501,0,0,0,0,success
20260108T014500Z,-2.9343,0,0,0,0,success
20260108T020000Z,-2.5125,0,0,0,0,success
20260108T021500Z,0,0,0,0,0,success
20260108T023000Z,0,0,0,0,0,success
20260108T024500Z,-7.2338,0,0,0,0,success
20260108T030000Z,0,0,0,0,0,success
20260108T031500Z,-1.0141,0,0,0,0,success
20260108T033000Z,-3.9959,0,0,0,0,success
20260108T034500Z,5.615,0,0,0,0,success
20260108T040000Z,-4.5641,0,0,0,0,success
20260108T041500Z,-0.4736,0,0,0,0,success
20260108T043000Z,-0.9716,0,0,0,0,success
20260108T044500Z,-6.1843,0,0,0,0,success
20260108T050000Z,-4.5896,0,0,0,0,success
20260108T051500Z,0,0,0,0,0,success
20260108T053000Z,-2.9848,0,0,0,0,success
20260108T054500Z,-0.4641,0,0,0,0,success
20260108T060000Z,-5.0579,0,0,0,0,success
20260108T063000Z,-0.9112,0,0,0,0,success
20260108T064500Z,2.8037,0,0,0,0,success
20260108T070000Z,-0.9507,0,0,0,0,success
20260108T071500Z,-3.3679,0,0,0,0,success
20260108T073000Z,-3.6018,0,0,0,0,success
20260108T074500Z,0,0,0,0,0,success
20260108T080000Z,1.3514,0,0,0,0,success
20260108T083000Z,-3.0491,0,0,0,0,success
20260108T084500Z,0,0,0,0,0,success
20260108T090000Z,1.642,0,0,0,0,success
20260108T091500Z,0,0,0,0,0,success
20260108T093000Z,-3.5853,0,0,0,0,success
20260108T094500Z,-2.6531,0,0,0,0,success
20260108T100000Z,1.0326,0,0,0,0,success
20260108T101500Z,0,0,0,0,0,success
20260108T103000Z,-2.7043,0,0,0,0,success
20260108T104500Z,-2.7062,0,0,0,0,success
20260108T110000Z,0,0,0,0,0,success
20260108T111500Z,1.2864,0,0,0,0,success
20260108T113000Z,-3.7015,0,0,0,0,success
20260108T114500Z,-0.8801,0,0,0,0,success
20260108T120000Z,1.9886,0,0,0,0,success
20260108T121500Z,-2.0846,0,0,0,0,success
20260108T123000Z,-1.0221,0,0,0,0,success
20260108T124500Z,0,0,0,0,0,success
20260108T130000Z,0.4175,0,0,0,0,success
20260108T131500Z,1.9985,0,0,0,0,success
20260108T133000Z,0.9157,0,0,0,0,success
20260108T134500Z,1.6205,0,0,0,0,success
20260108T140000Z,-0.0265,0,0,0,0,success
20260108T141500Z,0.8147,0,0,0,0,success
20260108T143000Z,3.8462,0,0,0,0,success
20260108T144500Z,0.7951,0,0,0,0,success
20260108T150000Z,0,0,0,0,0,success
20260108T151500Z,0.5345,0,0,0,0,success
20260108T153000Z,-0.4254,0,0,0,0,success
20260108T154500Z,2.0363,0,0,0,0,success
20260108T160000Z,0.5952,0,0,0,0,success
20260108T161500Z,0.5036,0,0,0,0,success
20260108T163000Z,2.6268,0,0,0,0,success
20260108T164500Z,1.5963,0,0,0,0,success
20260108T170000Z,1.2015,0,0,0,0,success
20260108T171500Z,-3.2283,0,0,0,0,success
20260108T173000Z,0.4448,0,0,0,0,success
20260108T180000Z,-1.1322,0,0,0,0,success
20260108T181500Z,1.0247,0,0,0,0,success
20260108T183000Z,-3.6317,0,0,0,0,success
20260108T184500Z,0.2079,0,0,0,0,success
20260108T190000Z,0.4398,0,0,0,0,success
20260108T191500Z,2.9243,0,0,0,0,success
20260108T193000Z,0,0,0,0,0,success
20260108T200000Z,-0.0027,0,0,0,0,success
20260108T201500Z,0,0,0,0,0,success
20260108T203000Z,-3.1726,0,0,0,0,success
20260108T204500Z,-0.4661,0,0,0,0,success
20260108T210000Z,-1.8391,0,0,0,0,success
20260108T211500Z,0.2591,0,0,0,0,success
20260108T213000Z,0.2058,0,0,0,0,success
20260108T214500Z,2.5338,0,0,0,0,success
20260108T220000Z,0,0,0,0,0,success
20260108T221500Z,1.2851,0,0,0,0,success
20260108T223000Z,0.0875,0,0,0,0,success
20260108T224500Z,-1.8612,0,0,0,0,success
20260108T230000Z,-0.0538,0,0,0,0,success
20260108T231500Z,-2.6936,0,0,0,0,success
20260108T233000Z,-2.0057,0,0,0,0,success
20260108T234500Z,0,0,0,0,0,success
20260111T000000Z,0,0,0,0,0,success
20260111T001500Z,-0.4819,0,0,0,0,success
20260111T003000Z,-3.3679,0,0,0,0,success
20260111T004500Z,2.0327,0,0,0,0,success
20260111T010000Z,0.7206,0,0,0,0,success
20260111T011500Z,-0.7264,0,0,0,0,success
20260111T013000Z,0,0,0,0,0,success
20260111T014500Z,0.4988,0,0,0,0,success
20260111T021500Z,-7.4488,0,0,0,0,success
20260111T023000Z,1.4925,0,0,0,0,success
20260111T024500Z,-0.5663,0,0,0,0,success
20260111T030000Z,0.5376,0,0,0,0,success
20260111T033000Z,-5.148,0,0,0,0,success
20260111T034500Z,-0.4819,0,0,0,0,success
20260111T040000Z,0,0,0,0,0,success
20260111T041500Z,-1.0173,0,0,0,0,success
20260111T050000Z,1.4737,0,0,0,0,success
20260111T051500Z,-1.0661,0,0,0,0,success
20260111T053000Z,0,0,0,0,0,success
20260111T054500Z,-1.3245,0,0,0,0,success
20260111T060000Z,0.3007,0,0,0,0,success
20260111T061500Z,1.2003,0,0,0,0,success
20260111T063000Z,-0.123,0,0,0,0,success
20260111T064500Z,1.4957,0,0,0,0,success
20260111T070000Z,0,0,0,0,0,success
20260111T071500Z,0,0,0,0,0,success
20260111T073000Z,0,0,0,0,0,success
20260111T074500Z,0,0,0,0,0,success
20260111T080000Z,0.7477,0,0,0,0,success
20260111T081500Z,0,0,0,0,0,success
20260111T083000Z,-8.7002,0,0,0,0,success
20260111T084500Z,0.6734,0,0,0,0,success
20260111T090000Z,-0.339,0,0,0,0,success
20260111T091500Z,-2.3332,0,0,0,0,success
20260111T093000Z,-0.2381,0,0,0,0,success
20260111T094500Z,-2.439,0,0,0,0,success
20260111T100000Z,2.2727,0,0,0,0,success
20260111T101500Z,0,0,0,0,0,success
20260111T103000Z,0,0,0,0,0,success
20260111T104500Z,0,0,0,0,0,success
20260111T110000Z,0,0,0,0,0,success
20260111T111500Z,0,0,0,0,0,success
20260111T113000Z,-0.1153,0,0,0,0,success
20260111T114500Z,-2.9498,0,0,0,0,success
20260111T120000Z,2.3981,0,0,0,0,success
20260111T121500Z,0,0,0,0,0,success
20260111T123000Z,0.6734,0,0,0,0,success
20260111T124500Z,0.8048,0,0,0,0,success
20260111T130000Z,0.2098,0,0,0,0,success
20260111T131500Z,2.0833,0,0,0,0,success
20260111T133000Z,-6.0252,0,0,0,0,success
20260111T134500Z,0,0,0,0,0,success
20260111T140000Z,2.8986,0,0,0,0,success
20260111T141500Z,3.4907,0,0,0,0,success
20260111T143000Z,-0.2866,0,0,0,0,success
20260111T144500Z,0,0,0,0,0,success
20260111T150000Z,0,0,0,0,0,success
20260111T151500Z,0.0816,0,0,0,0,success
20260111T153000Z,0,0,0,0,0,success
20260111T154500Z,0,0,0,0,0,success
20260111T160000Z,0,0,0,0,0,success
20260111T161500Z,0,0,0,0,0,success
20260111T163000Z,0,0,0,0,0,success
20260111T164500Z,-2.79,0,0,0,0,success
20260111T170000Z,-0.2571,0,0,0,0,success
20260111T171500Z,0,0,0,0,0,success
20260111T174500Z,-0.5577,0,0,0,0,success
20260111T180000Z,-2.58,0,0,0,0,success
20260111T181500Z,0,0,0,0,0,success
20260111T183000Z,0,0,0,0,0,success
20260111T184500Z,0.7384,0,0,0,0,success
20260111T190000Z,0,0,0,0,0,success
20260111T191500Z,-2.0958,0,0,0,0,success
20260111T193000Z,4.0541,0,0,0,0,success
20260111T200000Z,0,0,0,0,0,success
20260111T201500Z,0,0,0,0,0,success
20260111T203000Z,-2.1318,0,0,0,0,success
20260111T204500Z,1.6181,0,0,0,0,success
20260111T210000Z,0,0,0,0,0,success
20260111T211500Z,1.8767,0,0,0,0,success
20260111T213000Z,1.5707,0,0,0,0,success
20260111T214500Z,0.2907,0,0,0,0,success
20260111T220000Z,0,0,0,0,0,success
20260111T223000Z,-0.6061,0,0,0,0,success
20260111T224500Z,-2.8238,0,0,0,0,success
20260111T230000Z,0.9447,0,0,0,0,success
20260111T231500Z,-1.9397,0,0,0,0,success
